model,bin,n,mean_confidence,accuracy
jev,0.3-0.4,5,0.3606,0.6
jev,0.4-0.5,5,0.46,0.4
jev,0.5-0.6,2,0.5628,1.0
jev,0.6-0.7,4,0.6567,1.0
jev,0.7-0.8,4,0.755,0.75
jev,0.8-0.9,5,0.862,0.6
jev,0.9-1.0,55,0.9796,0.9818
opus5_nothink,0.2-0.3,3,0.2486,0.0
opus5_nothink,0.3-0.4,2,0.3704,0.5
opus5_nothink,0.4-0.5,6,0.4452,0.6667
opus5_nothink,0.5-0.6,2,0.5369,0.5
opus5_nothink,0.6-0.7,2,0.6305,1.0
opus5_nothink,0.7-0.8,9,0.7553,1.0
opus5_nothink,0.8-0.9,16,0.8623,1.0
opus5_nothink,0.9-1.0,40,0.9451,1.0
opus_verbalized,0.2-0.3,5,0.235,0.2
opus_verbalized,0.3-0.4,4,0.3134,0.25
opus_verbalized,0.4-0.5,4,0.4622,0.5
opus_verbalized,0.5-0.6,1,0.5131,1.0
opus_verbalized,0.6-0.7,7,0.6342,1.0
opus_verbalized,0.7-0.8,10,0.7553,1.0
opus_verbalized,0.8-0.9,32,0.8608,1.0
opus_verbalized,0.9-1.0,17,0.9312,1.0
