case_id,dataset,true_dx,triage_gold,source_ref,two_column_reconstructed
sg_em01,semigran45,acute_liver_failure,emergent,1,0
sg_em02,semigran45,appendicitis,emergent,1,0
sg_em03,semigran45,asthma,emergent,1,0
sg_em04,semigran45,copd_flare,emergent,1,0
sg_em05,semigran45,deep_vein_thrombosis,emergent,1,0
sg_em06,semigran45,heart_attack,emergent,2,1
sg_em07,semigran45,hemolytic_uremic_syndrome,emergent,1,1
sg_em08,semigran45,kidney_stones,emergent,1,0
sg_em09,semigran45,malaria,emergent,1,0
sg_em10,semigran45,meningitis,emergent,1,0
sg_em11,semigran45,pneumonia,emergent,3,0
sg_em12,semigran45,pulmonary_embolism,emergent,1,1
sg_em13,semigran45,rocky_mountain_spotted_fever,emergent,4,1
sg_em14,semigran45,stroke,emergent,1,0
sg_em15,semigran45,tetanus,emergent,1,0
sg_ne01,semigran45,acute_otitis_media,non_emergent,1,1
sg_ne02,semigran45,acute_pharyngitis,non_emergent,1,1
sg_ne03,semigran45,acute_pharyngitis,non_emergent,5,0
sg_ne04,semigran45,acute_sinusitis,non_emergent,5,0
sg_ne05,semigran45,back_pain,non_emergent,6,1
sg_ne06,semigran45,cellulitis,non_emergent,1,0
sg_ne07,semigran45,copd_flare,non_emergent,1,0
sg_ne08,semigran45,influenza,non_emergent,1,0
sg_ne09,semigran45,mononucleosis,non_emergent,1,1
sg_ne10,semigran45,peptic_ulcer_disease,non_emergent,1,0
sg_ne11,semigran45,pneumonia,non_emergent,1,0
sg_ne12,semigran45,salmonella,non_emergent,1,0
sg_ne13,semigran45,shingles,non_emergent,1,0
sg_ne14,semigran45,urinary_tract_infection,non_emergent,1,1
sg_ne15,semigran45,vertigo,non_emergent,1,0
sg_sc01,semigran45,acute_bronchitis,self_care,1,0
sg_sc02,semigran45,acute_bronchitis,self_care,5,0
sg_sc03,semigran45,acute_conjunctivitis,self_care,1,1
sg_sc04,semigran45,acute_pharyngitis,self_care,5,1
sg_sc05,semigran45,allergic_rhinitis,self_care,1,1
sg_sc06,semigran45,back_pain,self_care,1,0
sg_sc07,semigran45,bee_sting_without_anaphylaxis,self_care,1,1
sg_sc08,semigran45,canker_sore,self_care,1,0
sg_sc09,semigran45,candidal_yeast_infection,self_care,6,0
sg_sc10,semigran45,constipation,self_care,1,1
sg_sc11,semigran45,eczema,self_care,1,0
sg_sc12,semigran45,stye,self_care,1,0
sg_sc13,semigran45,viral_upper_respiratory_illness,self_care,5,1
sg_sc14,semigran45,viral_upper_respiratory_illness,self_care,1,0
sg_sc15,semigran45,vomiting,self_care,7,0
