input_id,text,category,original_id
vg01,My eyes have been feeling a little off. I don't really know how to describe it.,eye_or_vision,1
vg02,"Something about my vision seems different sometimes, but I can't put my finger on it.",eye_or_vision,2
vg03,"I've been noticing my eyes more lately, if that makes sense.",eye_or_vision,3
vg04,"My eye feels kind of funny on and off. I'm not sure what that means, though.",eye_or_vision,4
vg05,"I'm wondering if I should get my eyes checked. Nothing specific, they just don't feel normal",eye_or_vision,5
vg06,Some days my eyes seem fine and other days they bother me.,eye_or_vision,6
vg07,I can't tell if something is different with my eyes or if I'm just paying more attention to them.,eye_or_vision,7
vg08,My vision hasn't seemed quite the same lately. It's hard to explain what's different.,eye_or_vision,8
vg09,"There's this odd feeling around my eyes sometimes, but I can't describe it very well.",eye_or_vision,9
vg10,I keep meaning to ask about my eyes. They feel a little strange sometimes.,eye_or_vision,10
vg11,I've been feeling a bit out of sorts lately. Not sure why.,general,11
vg12,"I'm not exactly feeling sick, but I don't feel quite right either.",general,12
vg13,"Something seems off with how I'm feeling, and I can't narrow it down.",general,13
vg14,I have good days and days where I just feel kind of blah.,general,14
vg15,I don't really have one thing to complain about. I just feel different from usual.,general,15
vg16,"I've been meaning to make an appointment, but I'm not sure how to explain what's bothering me.",general,16
vg17,My body feels a little weird sometimes. That's about the best way I can describe it.,general,17
vg18,I can't tell whether I'm actually feeling off or just noticing things more.,general,18
vg19,It's one of those things that's hard to explain when someone asks what's wrong.,general,19
vg20,"Lately I keep thinking I don't feel like my usual self, but there's no particular thing I can point to.",general,20
vg21,"I feel okay most of the time. Every so often, though, something just seems a bit off.",general,21
vg22,"I've got a vague sort of discomfort, but I don't know how to be more specific.",general,22
vg23,"Not sure this is even worth an appointment, but I've been feeling a little strange.",general,23
vg24,I thought I'd ask because I haven't been feeling quite normal. I don't have a better word for it.,general,24
vg25,"It's not something I notice all the time, just a general feeling that something's different.",general,25
vg26,I wish I could give you a clearer description. I've just felt a bit off here and there.,general,26
vg27,I'm having trouble putting into words what's bothering me. I know I don't feel quite like I usually do.,general,27
vg28,"Some days I feel a little funny for no obvious reason, then I don't think about it for a while.",general,28
vg29,I don't know when this started exactly. I've just been feeling not quite myself.,general,29
vg30,"Nothing in particular stands out when I try to explain it, but I wanted to check in about how I've been feeling.",general,30
